n, time_diff, failed
100, 0.589253, 0
1000, 1.00032, 0
10000, 1.89021, 0
100000, 2.74929, 0
1000000, 3.73579, 0
